User created: c, 2025-05-31 23:11:20 
Get all users, 2025-05-31 23:12:21 
Searched by role, 2025-05-31 23:12:57 
Alert created: Administrative Alert: 5 affecting: r [Priority: MEDIUM, Status: NEW], 2025-05-31 23:13:51 
User found: a, 2025-05-31 23:39:01 
Get all users, 2025-05-31 23:39:07 
Searched by role, 2025-05-31 23:39:25 
Get alerts by status, 2025-05-31 23:40:01 
Get all users, 2025-06-01 15:26:43 
User created: r, 2025-06-01 16:20:53 
Get all users, 2025-06-01 16:22:24 
User deleted: 1, 2025-06-01 16:22:54 
Get all users, 2025-06-01 16:23:00 
Searched by role, 2025-06-01 16:23:14 
Searched by role, 2025-06-01 16:23:26 
Alert created: Administrative Alert: 0 affecting: q [Priority: HIGH, Status: NEW], 2025-06-01 16:28:28 
Get alerts by status, 2025-06-01 16:28:48 
Get alerts by status, 2025-06-01 16:33:29 
Get alerts by status, 2025-06-01 16:33:43 
User created: T, 2025-06-01 17:23:30 
Get all users, 2025-06-01 17:23:45 
Alert created: Administrative Alert: 0 affecting: t [Priority: LOW, Status: NEW], 2025-06-01 17:24:02 
Get alerts by status, 2025-06-01 17:24:08 
Alert created: Administrative Alert: 1 affecting: e [Priority: HIGH, Status: NEW], 2025-06-01 17:33:52 
Get alerts by status, 2025-06-01 17:34:07 
Alert closed: Administrative Alert: 1 affecting: e [Priority: HIGH, Status: CLOSED], 2025-06-01 17:34:14 
Alert created: Administrative Alert: 2 affecting: R [Priority: CRITICAL, Status: NEW], 2025-06-01 17:34:38 
User created: o, 2025-06-01 17:35:13 
Get all users, 2025-06-01 17:35:24 
User found: t, 2025-06-01 17:35:33 
User found: T, 2025-06-01 17:35:38 
User found: o, 2025-06-01 17:35:43 
Searched by role, 2025-06-01 17:35:50 
Searched by role, 2025-06-01 17:36:00 
Get alerts by status, 2025-06-01 17:36:06 
Get all users, 2025-06-01 17:36:55 
Get all users, 2025-06-01 17:44:42 
Get all users, 2025-06-01 17:44:57 
Alert created: Security Alert: 3 affecting: W [Priority: CRITICAL, Status: CLOSED], 2025-06-01 17:45:37 
Get alerts by status, 2025-06-01 17:45:58 
Get alerts by status, 2025-06-01 17:46:16 
Get alerts by status, 2025-06-01 17:47:07 
Alert created: Security Alert: 4 affecting: Q [Priority: HIGH, Status: NEW], 2025-06-01 17:51:08 
Get alerts by status, 2025-06-01 17:51:30 
Alert created: Security Alert: 1 affecting: Q [Priority: LOW, Status: NEW], 2025-06-01 18:07:32 
Alert created: Administrative Alert: 2 affecting: W [Priority: CRITICAL, Status: CLOSED], 2025-06-01 18:07:55 
Get alerts by status, 2025-06-01 18:08:10 
Get alerts by status, 2025-06-01 18:08:21 
Get all users, 2025-06-01 18:13:24 
User created: p, 2025-06-01 18:13:43 
User created: q, 2025-06-01 18:20:24 
Get all users, 2025-06-01 18:20:28 
User deleted: 3, 2025-06-01 18:20:54 
Searched by role, 2025-06-01 18:24:23 
Searched by role, 2025-06-01 18:24:32 
Get all users, 2025-06-01 18:24:44 
Alert created: Administrative Alert: 3 affecting: Q [Priority: LOW, Status: NEW], 2025-06-01 18:27:58 
Alert created: Security Alert: 4 affecting: E [Priority: HIGH, Status: NEW], 2025-06-01 18:28:22 
Get alerts by status, 2025-06-01 18:28:39 
Get alerts by status, 2025-06-01 18:29:15 
Alert created: Administrative Alert: 5 affecting: E [Priority: MEDIUM, Status: NEW], 2025-06-01 18:29:54 
Get alerts by status, 2025-06-01 18:30:23 
Alert created: Administrative Alert: 6 affecting: Q [Priority: CRITICAL, Status: CLOSED], 2025-06-01 18:30:52 
Get alerts by status, 2025-06-01 18:31:33 
Alert created: Security Alert: 7 affecting: Y [Priority: LOW, Status: NEW], 2025-06-01 18:34:26 
Get alerts by status, 2025-06-01 18:34:32 
Get alerts by status, 2025-06-01 18:37:33 
Get alerts by status, 2025-06-01 18:37:41 
Searched by role, 2025-06-01 18:37:53 
Searched by role, 2025-06-01 18:38:03 
Get all users, 2025-06-01 18:38:28 
User found: t, 2025-06-01 18:38:36 
User found: T, 2025-06-01 18:38:40 
Searched by role, 2025-06-01 18:38:47 
Searched by role, 2025-06-01 18:38:55 
Get alerts by status, 2025-06-01 18:39:03 
Get alerts by status, 2025-06-01 18:39:11 
